#,time,name,phone,content,status
1,14:21:59.855377,Roy,59177640687,Soy Roy,SUCCESS
2,14:22:02.093241,Carla,59177650211,Hola sol,SUCCESS
3,14:22:04.305259,Alex,5491161107721,Hola pimo!,SUCCESS
